items_id,items_etag,items_title
1,m2yskBQFythfE4irbTIeOgYYfBU/Xy1mB4_yLrHy_BmKmPBggty2mZQ,Film & Animation
2,m2yskBQFythfE4irbTIeOgYYfBU/UZ1oLIIz2dxIhO45ZTFR3a3NyTA,Autos & Vehicles
10,m2yskBQFythfE4irbTIeOgYYfBU/nqRIq97-xe5XRZTxbknKFVe5Lmg,Music
15,m2yskBQFythfE4irbTIeOgYYfBU/HwXKamM1Q20q9BN-oBJavSGkfDI,Pets & Animals
17,m2yskBQFythfE4irbTIeOgYYfBU/9GQMSRjrZdHeb1OEM1XVQ9zbGec,Sports
18,m2yskBQFythfE4irbTIeOgYYfBU/FJwVpGCVZ1yiJrqZbpqe68Sy_OE,Short Movies
19,m2yskBQFythfE4irbTIeOgYYfBU/M-3iD9dwK7YJCafRf_DkLN8CouA,Travel & Events
20,m2yskBQFythfE4irbTIeOgYYfBU/WmA0qYEfjWsAoyJFSw2zinhn2wM,Gaming
21,m2yskBQFythfE4irbTIeOgYYfBU/EapFaGYG7K0StIXVf8aba249tdM,Videoblogging
22,m2yskBQFythfE4irbTIeOgYYfBU/xId8RX7vRN8rqkbYZbNIytUQDRo,People & Blogs
23,m2yskBQFythfE4irbTIeOgYYfBU/G9LHzQmx44rX2S5yaga_Aqtwz8M,Comedy
24,m2yskBQFythfE4irbTIeOgYYfBU/UVB9oxX2Bvqa_w_y3vXSLVK5E_s,Entertainment
25,m2yskBQFythfE4irbTIeOgYYfBU/QiLK0ZIrFoORdk_g2l_XR_ECjDc,News & Politics
26,m2yskBQFythfE4irbTIeOgYYfBU/r6Ck6Z0_L0rG37VJQR200SGNA_w,Howto & Style
27,m2yskBQFythfE4irbTIeOgYYfBU/EoYkczo9I3RCf96RveKTOgOPkUM,Education
28,m2yskBQFythfE4irbTIeOgYYfBU/w5HjcTD82G_XA3xBctS30zS-JpQ,Science & Technology
30,m2yskBQFythfE4irbTIeOgYYfBU/lL7uWDr_071CHxifjYG1tJrp4Uo,Movies
31,m2yskBQFythfE4irbTIeOgYYfBU/WnuVfjO-PyFLO7NTRQIbrGE62nk,Anime/Animation
32,m2yskBQFythfE4irbTIeOgYYfBU/ctpH2hGA_UZ3volJT_FTlOg9M00,Action/Adventure
33,m2yskBQFythfE4irbTIeOgYYfBU/L0kR3-g1BAo5UD1PLVbQ7LkkDtQ,Classics
34,m2yskBQFythfE4irbTIeOgYYfBU/pUZOAC_s9sfiwar639qr_wAB-aI,Comedy
35,m2yskBQFythfE4irbTIeOgYYfBU/Xb5JLhtyNRN3AQq021Ds-OV50Jk,Documentary
36,m2yskBQFythfE4irbTIeOgYYfBU/u8WXzF4HIhtEi805__sqjuA4lEk,Drama
37,m2yskBQFythfE4irbTIeOgYYfBU/D04PP4Gr7wc4IV_O9G66Z4A8KWQ,Family
38,m2yskBQFythfE4irbTIeOgYYfBU/i5-_AceGXQCEEMWU0V8CcQm_vLQ,Foreign
39,m2yskBQFythfE4irbTIeOgYYfBU/rtlxd0zOixA9QHdIZB26-St5qgQ,Horror
40,m2yskBQFythfE4irbTIeOgYYfBU/N1TrDFLRppxZgBowCJfJCvh0Dpg,Sci-Fi/Fantasy
41,m2yskBQFythfE4irbTIeOgYYfBU/7UMGi6zRySqXopr_rv4sZq6Za2E,Thriller
42,m2yskBQFythfE4irbTIeOgYYfBU/RScXhi324h8usyIetreAVb-uKeM,Shorts
43,m2yskBQFythfE4irbTIeOgYYfBU/0n9MJVCDLpA8q7aiGVrFsuFsd0A,Shows
44,m2yskBQFythfE4irbTIeOgYYfBU/x5NxSf5fz8hn4loSN4rvhwzD_pY,Trailers